{"cameraMode":{"drawMode":0,"name":"Shaded","section":"Shading Mode"},"sceneLighting":true,"audioPlay":false,"sceneViewState":{"m_AlwaysRefresh":false,"showFog":true,"showSkybox":true,"showFlares":true,"showImageEffects":true,"showParticleSystems":true,"showVisualEffectGraphs":true,"m_FxEnabled":true},"in2DMode":false,"pivot":{"x":1.3113223314285279,"y":-0.2861727178096771,"z":1.4244623184204102},"rotation":{"x":-0.0534035749733448,"y":-0.14505666494369508,"z":0.00783996470272541,"w":-0.9879915714263916},"size":1.0591531991958619,"orthographic":true}